user_input,retrieved_contexts,response,reference,faithfulness,answer_relevancy,context_precision,context_recall
Berapa harga pasang ac split 2 pk,['Nama Layanan: Jasa Pasang AC Split - 1.5 - 2 PK. Kategori: Jasa. Harga Dasar: Rp350000.00. Keterangan Layanan: Layanan pemasangan unit AC Split untuk kapasitas 1.5 sampai 2 PK.'],Untuk jasa pasang AC Split ukuran 1.5 sampai 2 PK harganya Rp350.000 yaa kak.,Harga jasa pasang AC Split 1.5-2 PK adalah Rp350.000,1.0,0.9364940032009362,0.9999999999,1.0
Berapa harga refill freon r22 2 pk,['Nama Layanan: Refill / Isi Full Freon R-22 - 1.5 - 2 PK. Kategori: Jasa. Harga Dasar: Rp410000.00. Keterangan Layanan: Layanan pengisian ulang freon R-22 untuk AC kapasitas 1.5 sampai 2 PK.'],Untuk refill atau isi full freon R-22 ukuran 1.5 sampai 2 PK harganya Rp410.000 yaa kak.,Harga refill freon R-22 untuk AC 1.5-2 PK adalah Rp410.000,1.0,0.9109823501452013,0.9999999999,1.0
Berapa harga daikin thailand 1 pk,['Nama Produk: DAIKIN THAILAND - 1 PK. Kategori: AC. Merek: DAIKIN THAILAND. Harga Unit Produk: Rp4307000.00. Keterangan Singkat: AC Daikin Thailand 1 PK. Jasa Bundling/Pemasangan Wajib: Jasa Pasang AC Split - 0.5 - 1 PK (Biaya Tambahan Jasa: Rp250000).'],Untuk AC Daikin Thailand 1 PK harganya Rp4.307.000 yaa kak. Harga tersebut belum termasuk jasa pasang yaa kak. Untuk jasa pasang AC Split 0.5 - 1 PK ada tambahan biaya Rp250.000.,Harga AC Daikin Thailand 1 PK adalah Rp4.307.000 dengan jasa pasang wajib Rp250.000,1.0,0.9204496259799718,0.9999999999,1.0
Bagaimana spesifikasi dari AC Daikin 1.5 pk,"['Nama Produk: DAIKIN - 1.5 PK. Kategori: AC. Merek: DAIKIN. Harga Unit Produk: Rp5345000.00. Keterangan Singkat: AC Daikin Inverter 1.5 PK. Spesifikasi Detail: Model Representatif: Daikin Inverter (FTKQ35UVM4). Kapasitas Pendinginan: 11.900 BTU/h. Daya Listrik: 990 Watt (Mode Inverter). Tipe Freon: R32. EER: Bintang 5. Fitur Unggulan: Super PCB tahan lonjakan listrik hingga 440V, Gin-Ion Blue Filter, Mode Low Watt. Cocok Untuk Ruangan: Ukuran 18 - 24 m².']","Siap kak, untuk AC Daikin 1.5 PK model Daikin Inverter (FTKQ35UVM4) spesifikasinya: Kapasitas Pendinginan 11.900 BTU/h, Daya Listrik 990 Watt (Mode Inverter), Tipe Freon R32, EER Bintang 5. Fitur unggulannya ada Super PCB tahan lonjakan listrik hingga 440V, Gin-Ion Blue Filter, dan Mode Low Watt. Cocok untuk ruangan ukuran 18 - 24 m².","AC Daikin 1.5 PK model FTKQ35UVM4 memiliki kapasitas 11.900 BTU/h, daya 990 Watt, freon R32, EER Bintang 5, fitur Super PCB, Gin-Ion Blue Filter, Mode Low Watt, cocok untuk ruangan 18-24 m²",1.0,0.9364711550785302,0.9999999999,1.0
AC Honshu 2 pk cocok untuk ruangan berapa m,['Nama Produk: HONSHU - 2 PK. Kategori: AC. Merek: HONSHU. Harga Unit Produk: Rp5300000.00. Keterangan Singkat: AC Honshu 2 PK. Spesifikasi Detail: Cocok Untuk Ruangan: Ukuran 24 - 36 m².'],AC Honshu 2 PK cocok untuk ruangan ukuran 24 - 36 m² yaa kak.,AC Honshu 2 PK cocok untuk ruangan ukuran 24-36 m²,1.0,0.9616930855776514,0.9999999999,1.0
Berapa biaya cuci AC split 1 pk,['Nama Layanan: Jasa Cuci AC Split - 0.5 - 1 PK. Kategori: Jasa. Harga Dasar: Rp80000.00. Keterangan Layanan: Layanan pembersihan/cuci unit AC Split untuk kapasitas 0.5 sampai 1 PK.'],Untuk jasa cuci AC Split ukuran 0.5 sampai 1 PK harganya Rp80.000 yaa kak.,Harga jasa cuci AC Split 0.5-1 PK adalah Rp80.000,1.0,0.9546378075550112,0.9999999999,1.0
Berapa harga bongkar AC split 2 pk,['Nama Layanan: Jasa Bongkar AC Split - 1.5 - 2 PK. Kategori: Jasa. Harga Dasar: Rp200000.00. Keterangan Layanan: Layanan pembongkaran unit AC Split untuk kapasitas 1.5 sampai 2 PK.'],Untuk jasa bongkar AC Split ukuran 1.5 sampai 2 PK harganya Rp200.000 yaa kak.,Harga jasa bongkar AC Split 1.5-2 PK adalah Rp200.000,1.0,0.9527416813487061,0.9999999999,1.0
Ada biaya tambahan kalau pasang AC malam hari,['Surcharge Jam Malam: Terdapat biaya tambahan sebesar Rp50.000 untuk pengerjaan di luar jam kerja (jam 18.00 WIB - 00.00 WIB).'],"Iya kak, ada biaya tambahan Rp50.000 untuk pengerjaan di jam malam yaitu jam 18.00 - 00.00 WIB.",Ada biaya tambahan Rp50.000 untuk pengerjaan di jam malam (18.00-00.00 WIB),0.0,0.8999792212947123,0.9999999999,1.0
Berapa biaya pasang AC di apartemen,['Surcharge Apartemen: Terdapat biaya tambahan sebesar Rp25.000 untuk pengerjaan di lokasi Apartemen karena tingkat kesulitan akses dan perizinan gedung. Nama Layanan: Jasa Pasang AC Split - 0.5 - 1 PK. Kategori: Jasa. Harga Dasar: Rp250000.00.'],Untuk pasang AC di apartemen ada biaya tambahan Rp25.000 karena tingkat kesulitan akses dan perizinan gedung yaa kak. Jadi total biaya pasang AC Split 0.5-1 PK di apartemen adalah Rp275.000.,Ada biaya tambahan Rp25.000 untuk pengerjaan di apartemen. Harga pasang AC Split 0.5-1 PK adalah Rp250.000,1.0,0.93409025691129,0.9999999999,1.0
Berapa lama garansi jasa pasang AC,"['Garansi Jasa (Servis/Cuci/Pasang): Garansi servis, cuci AC berlaku selama 7 hari, sedangkan garansi pasang AC berlaku selama 30 hari.']",Garansi jasa pasang AC berlaku selama 30 hari yaa kak. Sedangkan untuk jasa servis dan cuci AC garansinya 7 hari.,"Garansi jasa pasang AC berlaku 30 hari, garansi servis dan cuci AC berlaku 7 hari",1.0,0.9548735973007161,0.9999999999,1.0
Berapa harga AC LG 1 pk,['Nama Produk: LG - 1 PK. Kategori: AC. Merek: LG. Harga Unit Produk: Rp3850000.00. Keterangan Singkat: AC LG 1 PK. Jasa Bundling/Pemasangan Wajib: Jasa Pasang AC Split - 0.5 - 1 PK (Biaya Tambahan Jasa: Rp250000).'],Untuk AC LG 1 PK harganya Rp3.850.000 yaa kak. Harga tersebut belum termasuk jasa pasang. Untuk jasa pasang AC Split 0.5-1 PK ada tambahan biaya Rp250.000.,Harga AC LG 1 PK adalah Rp3.850.000 dengan jasa pasang wajib Rp250.000,1.0,0.960411949107931,0.9999999999,1.0
Ada AC yang cocok untuk ruangan 12 m persegi,['Nama Produk: DAIKIN THAILAND - 1 PK. Kategori: AC. Merek: DAIKIN THAILAND. Harga Unit Produk: Rp4307000.00. Keterangan Singkat: AC Daikin Thailand 1 PK. Nama Produk: LG - 1 PK. Kategori: AC. Merek: LG. Harga Unit Produk: Rp3850000.00. Keterangan Singkat: AC LG 1 PK.'],Untuk ruangan 12 m² cocoknya pakai AC 0.5 sampai 1 PK kak. Kami punya beberapa pilihan seperti Daikin Thailand 1 PK Rp4.307.000 atau LG 1 PK Rp3.850.000.,Untuk ruangan 12 m² cocok menggunakan AC 0.5-1 PK seperti Daikin Thailand 1 PK Rp4.307.000 atau LG 1 PK Rp3.850.000,0.6666666666666666,0.941205362207501,0.9999999999,0.0
Merek AC apa saja yang tersedia,['Nama Produk: DAIKIN - 1.5 PK. Merek: DAIKIN. Nama Produk: DAIKIN THAILAND - 1 PK. Merek: DAIKIN THAILAND. Nama Produk: LG - 1 PK. Merek: LG. Nama Produk: HONSHU - 2 PK. Merek: HONSHU.'],"Kami menyediakan beberapa merek AC kak, antara lain Daikin, Daikin Thailand, LG, Honshu, dan beberapa merek lainnya.","Merek AC yang tersedia antara lain Daikin, Daikin Thailand, LG, dan Honshu",0.8333333333333334,0.953625988600218,0.9999999999,1.0
Berapa harga AC Daikin 2 pk,['Nama Produk: DAIKIN - 2 PK. Kategori: AC. Merek: DAIKIN. Harga Unit Produk: Rp7200000.00. Keterangan Singkat: AC Daikin 2 PK. Jasa Bundling/Pemasangan Wajib: Jasa Pasang AC Split - 1.5 - 2 PK (Biaya Tambahan Jasa: Rp350000).'],Untuk AC Daikin 2 PK harganya Rp7.200.000 yaa kak. Harga tersebut belum termasuk jasa pasang. Untuk jasa pasang AC Split 1.5-2 PK ada tambahan biaya Rp350.000.,Harga AC Daikin 2 PK adalah Rp7.200.000 dengan jasa pasang wajib Rp350.000,1.0,0.9578727258344889,0.9999999999,1.0
AC apa yang paling hemat listrik 1.5 pk,['Nama Produk: DAIKIN - 1.5 PK. Kategori: AC. Merek: DAIKIN. Harga Unit Produk: Rp5345000.00. Keterangan Singkat: AC Daikin Inverter 1.5 PK. Spesifikasi Detail: Model Representatif: Daikin Inverter (FTKQ35UVM4). Daya Listrik: 990 Watt (Mode Inverter). EER: Bintang 5.'],"Untuk AC 1.5 PK yang hemat listrik, kami rekomendasikan Daikin Inverter 1.5 PK kak. Dengan mode inverter daya listriknya hanya 990 Watt dan sudah EER Bintang 5. Harganya Rp5.345.000.","AC Daikin Inverter 1.5 PK memiliki daya 990 Watt dengan EER Bintang 5, harga Rp5.345.000",0.8,0.9489436809143781,0.9999999999,1.0
Aire Optima buka jam berapa,['Jam Operasional: Buka setiap hari (Senin - Minggu) selama 24 Jam.'],Aire Optima buka setiap hari Senin sampai Minggu selama 24 jam kak.,Aire Optima buka setiap hari Senin-Minggu selama 24 jam,0.0,0.9506857845556428,0.9999999999,1.0
Area layanan Aire Optima meliputi mana saja,"['Cakupan Area Layanan: Meliputi wilayah Surabaya, Gresik, dan Sidoarjo.']","Area layanan kami meliputi wilayah Surabaya, Gresik, dan Sidoarjo kak.","Area layanan Aire Optima meliputi Surabaya, Gresik, dan Sidoarjo",0.0,0.8828734974255451,0.9999999999,1.0
Bagaimana cara pesan jasa pasang AC,"['Alur Pemesanan: Pelanggan melakukan konsultasi atau langsung mengajukan permintaan pesanan kepada Bot. Bot akan mengumpulkan data detail pesanan. Setelah seluruh data pesanan dan data diri lengkap, sistem akan mengirimkan notifikasi kepada Admin. Admin akan menghubungi pelanggan melalui WhatsApp untuk konfirmasi akhir dan penentuan jadwal kedatangan teknisi.']","Untuk pesan jasa pasang AC, kakak bisa langsung konsultasi di sini. Nanti saya bantu kumpulkan data pesanan, lalu admin kami akan menghubungi kakak via WhatsApp untuk konfirmasi jadwal teknisi.","Alur pemesanan: konsultasi dengan bot, bot kumpulkan data pesanan, admin konfirmasi via WhatsApp dan tentukan jadwal teknisi",0.75,0.9734924333536008,0.9999999999,1.0
Metode pembayaran apa saja yang tersedia,"['Metode Pembayaran: Aire mendukung dua sistem pembayaran: Pembayaran di Awal (Transfer Manual, QRIS, Multi Payment Online) dan Pembayaran di Akhir setelah jasa selesai (Postpaid).']","Kami menyediakan beberapa metode pembayaran kak: Transfer Manual, QRIS, Multi Payment Online, atau bisa juga bayar di akhir setelah teknisi selesai bekerja (Postpaid).","Metode pembayaran: Transfer Manual, QRIS, Multi Payment Online, atau bayar di akhir (Postpaid)",1.0,0.9385649042141101,0.9999999999,1.0
Apakah bisa reschedule jadwal teknisi,['Kebijakan Reschedule & Pembatalan: Reschedule dan pembatalan bisa dilakukan selama teknisi belum perjalanan ke lokasi.'],"Bisa kak, reschedule dan pembatalan bisa dilakukan selama teknisi belum dalam perjalanan ke lokasi.",Reschedule dan pembatalan bisa dilakukan selama teknisi belum dalam perjalanan ke lokasi,1.0,0.8650571163068469,0.9999999999,1.0
